DATE,PRODUCT DESCRIPTION,SALES AMOUNT,SALES QUANTITY
01/03/2016,Darling Ultra Dred #4,133.2,2
01/03/2016,YC Virginity Soap with Rose,55,1
01/03/2016,"Linda 24"" Straight",170,1
01/03/2016,WS Darling Yaki #35,209.25,1
01/03/2016,"22"" Wave Bulk Bella FH",1250,1
01/03/2016,Black Clips PO4,90,5
02/03/2016,"8"" Wave Bella",950,1
02/03/2016,Darling Joya #1,88.6,1
02/03/2016,Darling Yaki #35,29.9,2
02/03/2016,Darling Yaki #4,29.9,2
02/03/2016,Darling Soft Dred 1/39,66.6,1
02/03/2016,Darling Pony Tail #1,38.6,1
03/03/2016,Darling Yaki #35,44.85,3
03/03/2016,Darling Yaki #4,14.95,1
03/03/2016,Darling Yaki YB1/27/350,15.95,1
03/03/2016,Creamsilk Straight,45,1
04/03/2016,Darling Yaki Braid,44.85,3
04/03/2016,Virginity Tablets,45,1
04/03/2016,Maca Male Enhancer,40,1
04/03/2016,Spike Condoms,34,1
08/03/2016,Darling Yaki Braids,164.45,11
08/03/2016,"Linda 22"" Straight",150,1
08/03/2016,Black Clips PO4,54,3
09/03/2016,Darling Yaki Braids #4,59.8,4
09/03/2016,Curl Activator,35,1
09/03/2016,"16"" Straight Bella Hair Piece",680,2
10/03/2016,Hair Shampoo Dye Black,44,2
10/03/2016,"Linda 22"" Straight",150,1
10/03/2016,Darling Yaki Braids #4,59.8,4
11/03/2016,Pony Tail #2,115.8,3
11/03/2016,Pony Tail #4,77.2,2
11/03/2016,Easy Wave Conditioner,50,1
11/03/2016,Darling Yaki Braids #4,119.6,8
11/03/2016,"12"" Curly Aisha Collexion",1320,1
11/03/2016,Earings,55,1
12/03/2016,"12"" Curly Aisha Collexion",1320,1
12/03/2016,Curl Activator,35,1
12/03/2016,Hair Shampoo Dye Black,44,2
15/03/2016,Darling Ultra Dred #27,133.2,2
15/03/2016,"Linda 22"" Straight",300,2
15/03/2016,"Linda 24"" Straight",340,2
17/03/2016,"Linda 22"" Straight",750,5
17/03/2016,Darling Yaki Braid 1/27/350,79.75,5
17/03/2016,Curl Activator,35,1
17/03/2016,"8"" Wave Bella Collexion",900,1
17/03/2016,Darling Ultra Dred #4,133.2,2
18/03/2016,Black Copy,4,2
19/03/2016,Deo Fit Virginity Drops,110,2
19/03/2016,"14"" Wave lay bye",760,1
19/03/2016,Black Clips PO4,18,1
19/03/2016,Darling Lolita 1/35,88.6,1
19/03/2016,Hair Chalk Green,10,1
22/03/2016,"10"" Wave",1050,1
22/03/2016,Darling Yaki Braid,59.8,4
23/03/2016,Hair Loss Ampule,60,3
23/03/2016,Darling Yaki  YB 1/27/350,47.85,3
23/03/2016,"Linda 22"" Straight",450,3
24/03/2016,Darling Yaki YB 1/27/350,79.75,5
24/03/2016,Deep Mud Soap,55,1
24/03/2016,Darling Pony Tail #2,38.6,1
24/03/2016,Darling Pony Tail 1/27,77.2,2
24/03/2016,Darling Pony Tail 4/27,38.6,1
24/03/2016,Darling Vibrations 1/27,88.6,1
26/03/2016,"10"" Wave Aisha Collexion",1100,1
26/03/2016,Curl Activator,70,2
26/03/2016,Darling Lolita 1/35,88.6,1
26/03/2016,Keratin Silicon Serum 30 gr,80,1
29/03/2016,WS Darling Yaki Braid #4,209.25,1
29/03/2016,YC Deo Fit Insertions,45,1
29/03/2016,"10"" Wave Bella Collexion",1050,1
29/03/2016,Darling Pony Tail #2/39,77.2,2
29/03/2016,Darling Boy Cut $/27,88.6,1
30/03/2016,Yellow Jersey,35,1
30/03/2016,"Linda 22"" Straight",150,1
30/03/2016,Flower Hair Updo Multi colour,10,5
30/03/2016,Black Hair Comb,5,1
31/03/2016,YC Deo Fit Insertions,90,2
31/03/2016,Highlighter Cap,105,3
31/03/2016,One Million Braid #1/39,173.7,6
31/03/2016,Bee Hive Rough Black,110,2
31/03/2016,Ear Protector Black,30,3
31/03/2016,Ear Protector Gold,50,5
31/03/2016,Havaianas Zebra Slim line,460,1
31/03/2016,Hair Comb Large,30,2
31/03/2016,Hair Shampoo Dye,44,2
31/03/2016,Male Libido Enhancer,40,1
31/03/2016,Penis Silicon Ring,29.95,1
31/03/2016,Ear Protector Black Hard,180,3
31/03/2016,"Linda 22"" Straight",300,2
01/04/2016,WS Darling Yaki #4,209.25,1
01/04/2016,"Linda 24"" Straight",170,1
01/04/2016,"Linda 22"" Straight",300,2
01/04/2016,"16"" Curly Jenny Collexion",1750,1
01/04/2016,Curl Activator,35,1
01/04/2016,Amla Plus 100ml,65,1
01/04/2016,Darling Pony Tail #1/27,77.2,2
01/04/2016,Hair Band Black,5,1
01/04/2016,Black Clips PO4,18,1
02/04/2016,"Linda 22"" Straight",150,1
02/04/2016,"linda 26"" Straight",190,1
02/04/2016,Darling Daniella #2,88.6,1
02/04/2016,Hair Wave Tool,150,1
02/04/2016,Darling Joya,88.6,1
02/04/2016,Fringe Bella,125,1
02/04/2016,Flower Bag,10,1
02/04/2016,Darling Yaki Braid #35,209.3,14
02/04/2016,Darling Yaki Braid #27,149.5,10
02/04/2016,Darling Pony Tail #1/27,77.2,2
02/04/2016,Darling Pony Tail #4/27,38.6,1
03/04/2016,Darling Soft Dred #1,66.6,1
03/04/2016,WS Darling Yaki Braid #4,209.25,1
03/04/2016,WS Darling Yaki Braid #35,209.25,1
03/04/2016,WS Darling Yaki Braid #27,209.25,1
04/04/2016,"Linda 22"" Straight",300,2
04/04/2016,Hair Loss Ampule,20,1
04/04/2016,Darling Yaki #4,44.85,3
04/04/2016,Darling Lolita #1/35,88.6,1
04/04/2016,Pappa Reale,15,1
05/04/2016,Lace Wig Tape Roll,100,1
05/04/2016,"Linda 22"" Straight LB",85,1
05/04/2016,"Linda 26"" Straight",190,1
05/04/2016,LV Damaged Bag,10,1
05/04/2016,Keratin Silicon Serum,80,1
06/04/2016,Darling Yaki Braid #4,59.8,4
06/04/2016,Keratin Hair Growth Ampule,15,1
06/04/2016,Darling Vibrations 1/27,88.6,1
06/04/2016,"Linda 22"" Straight",150,1
07/04/2016,"Linda 22"" Straight",150,1
07/04/2016,"Linda 24"" Straight",170,1
07/04/2016,WS Darling Yaki Braid #4,418.5,2
07/04/2016,WS Darling Yaki Braid #35,209.25,1
07/04/2016,Darling Yaki Braid #4,14.95,1
07/04/2016,MW Darling Yaki Braid #4,83.7,6
07/04/2016,MW Darling Yaki Braid #35,83.7,6
07/04/2016,"8"" Wave Bella Collexion",900,1
07/04/2016,Black Men Trouser,40,1
07/04/2016,Loyds White Top,20,1
08/04/2016,Darling Yaki Braid #4,14.95,1
08/04/2016,Darling Yaki Braid #35,14.95,1
08/04/2016,Fringe Bella Collexion,125,1
08/04/2016,Boys Black School Shoes,40,1
09/04/2016,Darling Yaki Braid #4,44.85,3
09/04/2016,Darling Yaki Braid #35,74.75,5
09/04/2016,Havainas 2nd Hand,20,1
09/04/2016,"Linda 24"" Straight",170,1
09/04/2016,"Linda 22"" Straight LB",85,1
11/04/2016,Classic Wanda Human Hair,228,1
11/04/2016,Darling Ultra Dred #39,66.6,1
11/04/2016,Maca Male Enhancer,40,1
13/04/2016,Black Copy,16,8
13/04/2016,Darling Yaki YB 1/27/350,95.7,6
13/04/2016,Darling Ondule 4/27,88.6,1
13/04/2016,Darling Boy Cut #1,88.6,1
13/04/2016,Darling Yaki #4,89.7,6
14/04/2016,Yellow & Black Lace Dress,30,1
14/04/2016,Penis Ring,29.95,1
14/04/2016,Darling Pony Tail #1,38.6,1
14/04/2016,Eye Brow Tweezer Flower,15,1
15/04/2016,Hair Net,40,1
15/04/2016,"18"" Wave Aisha Collexion",2020,1
15/04/2016,Curl Activator,70,2
15/04/2016,"Linda 22"" Straight",150,1
15/04/2016,"Linda 24"" Straight",170,1
15/04/2016,"Linda 26"" Straight",190,1
15/04/2016,Darling Yaki #4,14.95,1
15/04/2016,Hair Loss Ampule,20,1
18/04/2016,Darling Sherry #2,88.6,1
18/04/2016,"22"" Wave Jenny Collexion",2500,1
18/04/2016,Hair Grip Black Triangle,5,1
19/04/2016,"Linda 24"" Straight",680,4
19/04/2016,Darling Yaki Braid #35,29.9,2
19/04/2016,Darling Yaki Braid #27,14.95,1
19/04/2016,Pappa Reale,90,6
20/04/2016,Curl Activator,105,3
20/04/2016,Pappa Reale,45,3
20/04/2016,Weaving Cap,20,1
20/04/2016,"10"" Wave Bella Collexion",1050,1
20/04/2016,Black Copy,8,4
21/04/2016,Darling Daniella 4/27,88.6,1
21/04/2016,Hair Loss Ampule,20,1
21/04/2016,"Linda 24"" Straight",340,2
21/04/2016,Black Clips PO4,54,3
21/04/2016,Purple & Black Men Shirt,40,1
21/04/2016,Glue Gun,100,1
23/04/2016,Noor Kayaal Eyeliner,30,1
23/04/2016,Hair Bolla Spiral,2.5,1
23/04/2016,Flexi Rod Medium,70,2
23/04/2016,Velcro Curler Yellow,70,2
23/04/2016,Curl Activator,70,2
23/04/2016,Havainas 2nd Hand,40,1
23/04/2016,Necklace Blue Bead Traditional,55,1
23/04/2016,Yellow & Black Soccer Shoes,40,1
26/04/2016,Darling Mini Ondule 4/27,88.6,1
26/04/2016,Darling Yaki Braid #1/27,79.75,5
26/04/2016,Darling Joya #1,88.6,1
26/04/2016,Hydrogen Peroxide 30 Vol,29,1
27/04/2016,Curl Activator,105,3
27/04/2016,"16"" Curly Aisha Collexion",1720,1
27/04/2016,"8"" Wave Bella Collexion LB",610,2
27/04/2016,Amla Plus 100ml,35,1
27/04/2016,Darling Yaki Braid #4,29.9,2
27/04/2016,"Linda 26"" Straight",190,1
28/04/2016,Mixed WS Darling Yaki #27,83.7,6
28/04/2016,Mixed WS Darling Yaki #35,83.7,6
28/04/2016,WS Darling Yaki Braid #4,209.25,1
28/04/2016,Darling Yaki Braid #27,44.85,3
28/04/2016,Mixed WS Darling Yaki Braid #1/35,83.7,6
28/04/2016,Darling Ombre Braid #1/27,95.7,6
29/04/2016,Darling Ultra Dred #27,133.2,2
29/04/2016,"10"" Wave Bella Collexion",1050,1
29/04/2016,Darling Yaki Braid #4,74.75,5
29/04/2016,Darling Yaki Braid #35,59.8,4
29/04/2016,One Million Braid #1/39,86.85,3
29/04/2016,Boys Jean,10,1
29/04/2016,Darling Pony Tail 1/27,115.8,3
29/04/2016,Wood Pulling Needle,100,1
29/04/2016,Glue Gun Small,100,1
29/04/2016,"10"" Wave Bella Collexion LB",355,1
29/04/2016,Nipple Bra Black 36,55,1
30/04/2016,Darling Boy Cut #1,88.6,1
30/04/2016,Darling Lolita #35,88.6,1
30/04/2016,Hair Dye Shampoo,22,1
30/04/2016,Alice Band Spiral,10,1
30/04/2016,"10"" Wave Bella Collexion LB",355,1
30/04/2016,"10"" Wave Bella Collexion",1050,1
30/04/2016,NB Hair Dye Henna,40,1
30/04/2016,"Linda 26"" Straight",190,1
30/04/2016,Hair Pin Ribbon Design Various Colours,7.5,3
30/04/2016,Deo Fit Lady Drops Virginity,55,1
30/04/2016,Alice Band Blue & Silver Heart,10,1
01/05/2016,Curl Activator,35,1
01/05/2016,Darling Pony Tail 2/39,77.2,2
01/05/2016,One Million Braid 1/27,28.95,1
01/05/2016,Flexi Rod Medium,35,1
01/05/2016,Darling Yaki Ombre 1/35,47.85,3
01/05/2016,Darling Ultra Dred #4,66.6,1
01/05/2016,Darling Ultra Dred #27,66.6,1
01/05/2016,Alice Band Silver & Pink & Blue,20,2
01/05/2016,Boys Track Suit Pants,10,1
01/05/2016,Signiture Shirt Mustard,40,1
04/05/2016,Hair Bond 60ml,80,1
05/05/2016,Darling Daniella 4/27,88.6,1
05/05/2016,Darling Yaki Braid #35,44.85,3
09/05/2016,Weaving Cap,20,1
09/05/2016,"Linda 26""",950,5
09/05/2016,Wood Pulling Needle,100,1
09/05/2016,Micro Bead Black 30gr,50,1
09/05/2016,DHPS School T-Shirt,40,2
09/05/2016,Hair Dye Shampoo,22,1
10/05/2016,Hair Pins,6,3
10/05/2016,Alice Band Spiral,10,1
10/05/2016,Hair Comb Black,5,1
10/05/2016,Curl Activator,35,1
10/05/2016,Darling Lolita 32,88.6,1
10/05/2016,Pappa Reale,15,1
10/05/2016,Darling Yaki Braid #4,29.9,2
10/05/2016,Darling Yaki Ombre 1/35,15.95,1
10/05/2016,"Linda 26""",380,2
11/05/2016,Darling Soft Dred 1/39,133.2,2
11/05/2016,Curl Activator,35,1
11/05/2016,"10"" Curly Bella Yaki",650,1
11/05/2016,Darling Yaki Braid,29.9,2
11/05/2016,Micro Bead Black 30gr,50,1
11/05/2016,Keratin Glue Crystal Blond,40,2
12/05/2016,Darling Pony Tail #1,66.6,1
12/05/2016,Darling Pony Tails 2/39,66.6,1
12/05/2016,Darling Yaki Braid #1,14.95,1
12/05/2016,Darling Pony Tail 4/27,77.2,2
13/05/2016,Curl Activator,70,2
13/05/2016,Classic Wanda,228,1
13/05/2016,Darling Yaki Braid #27,29.9,2
13/05/2016,Darling Yaki Braid #35,29.9,2
13/05/2016,"22"" Kinky Curl FH",2500,1
13/05/2016,"Linda 26""",760,4
13/05/2016,"10"" Wave Bella Yaki",650,1
13/05/2016,Keratin Silicon Serum,80,1
13/05/2016,Grey Pants,40,1
13/05/2016,Thongs various colours,40,1
13/05/2016,Darlig Yaki Braid,44.85,3
14/05/2016,Darling Ultra Dred #4,88.6,1
14/05/2016,Darling Ultra Dred #35,88.6,1
14/05/2016,Mixed WS Darling Yaki Braids #35,69.75,5
14/05/2016,Mixed WS Darling Yaki Braid #1,139.5,10
14/05/2016,DY Hair Bolla Piece Short,11.9,2
14/05/2016,None,,
17/05/2016,Wig Cap,40,2
17/05/2016,Darling Yaki Braid #1,44.85,3
17/05/2016,Curl Activator,35,1
17/05/2016,"14"" Wave Aisha Collexion FH",2050,1
17/05/2016,Keratin Silicon Serum,80,1
19/05/2016,Mixed WS Darling Yaki Braid #1,139.5,10
19/05/2016,Mixed WS Darling Yaki Braid #35,69.75,5
20/05/2016,Darling Ultra Dred 339,66.6,1
20/05/2016,Curl Activator,35,1
20/05/2016,Pappa Reale,15,1
21/05/2016,Hair Pin Ribbon Various Colour,5,2
21/05/2016,Flexi Rod Large,45,1
21/05/2016,Curl Activator,35,1
21/05/2016,"12"" Wave Aisha Collexion FH",1450,1
23/05/2016,Darling Yaki Braid,63.8,4
23/05/2016,Keratin Silicon Serum,80,1
23/05/2016,"10"" Bella Yaki FH",650,1
23/05/2016,Polka Dot T-Shirt,2,1
23/05/2016,"Linda 26"" Straight",190,1
24/05/2016,"Linda 26"" Straight",190,1
26/05/2016,Nunaat Brazilian Hair Oil,55,1
26/05/2016,Darling Yaki Braid #35,0,5
26/05/2016,"10"" Bella Yaki LB",225,1
26/05/2016,Darling Yaki Braid #1,59.8,4
27/05/2016,Darling Yaki Braid  #1,59.8,4
27/05/2016,"Linda 26"" Straight",570,3
27/05/2016,"10"" Bella Yaki FH",650,1
28/05/2016,"10"" Bella Yaki FH",650,1
28/05/2016,Curl Activator,35,1
28/05/2016,Darling Lolita #1,177.2,2
28/05/2016,YC Fitting Insertion,45,1
28/05/2016,Darling Yaki Braid #1,29.9,2
28/05/2016,Darling Yaki Braid #27,14.95,1
28/05/2016,"Linda 26"" Straight",190,1
30/05/2016,Darling Ultra Dred #39,266.4,4
30/05/2016,Darling Ultra Dred #27,266.4,4
30/05/2016,Darling Ultra Dred #4,199.8,3
30/05/2016,Darling Soft Dred #1/35,266.4,4
30/05/2016,Darling Vibrations #1,354.4,4
30/05/2016,Darling Soft Dred 1/39,266.4,4
30/05/2016,Darling Soft Dred 1/27,266.4,4
30/05/2016,Darling Soft Dred 1,266.4,4
30/05/2016,Darling Vibrations #1 /27,354.4,4
31/05/2016,"16"" Wave Aisha Collexion",1750,1
31/05/2016,Keratin Silicon Serum,80,1
31/05/2016,Hair Net,40,1
31/05/2016,Keratin Hair Growth Ampule,15,1
31/05/2016,Burbury Hair Pin,11,2
31/05/2016,Hair Pin Silicon Material,7,2
01/06/2016,"20"" Wave Clip Hair Piece",297,3
01/06/2016,Black Clip PO4,180,10
01/06/2016,Blue Jersey Gals,25,1
01/06/2016,Darling Boy Cut #4,88.6,1
01/06/2016,Darling Lolita #2,177.2,2
01/06/2016,Darling Mini Ondule #4,88.6,1
01/06/2016,Darling Sherry,88.6,1
01/06/2016,Darling Yaki Braid #1,59.8,4
01/06/2016,Darling Yaki Braid #1,89.7,6
01/06/2016,Darling Yaki Braid #35,29.9,2
01/06/2016,Darling Yaki Braid #35`,29.9,2
01/06/2016,Deo Lady Virgin Drops,70,2
01/06/2016,Donna Clair Blazer,150,1
01/06/2016,DY Single Plaite Long #1/39,9.95,1
01/06/2016,DY Single Plaite Long #35,9.95,1
01/06/2016,Keratin Glue Crystals Blonde,40,2
01/06/2016,"Linda 26"" Straight",570,3
04/06/2016,"Linda 26"" Straight",1140,6
04/06/2016,Micro Bead Black 30g,50,1
04/06/2016,Nipple Bra Beige,110,2
04/06/2016,Nunaat Brazilian Hair Oil,55,1
03/06/2016,One Million Braid #1/39,57.9,2
03/06/2016,Thongs various colours,35,1
02/06/2016,Thongs various colours,35,1
02/06/2016,YC Virginity Soap,55,1
08/06/2016,"20"" Wave Aisha Collexion",2240,1
08/06/2016,"8"" Curly FH Aisha Collexion",900,1
08/06/2016,Black Panty Hose,5,1
08/06/2016,Curl Activator,35,1
08/06/2016,Darling Lolita #1/35,88.6,1
11/06/2016,Darling Pony Tail 4/27,115.8,3
10/06/2016,Darling Yaki  YB #1/27/350,47.85,3
10/06/2016,Darling Yaki Braid #1,44.85,3
10/06/2016,Darling Yaki Braid #35,44.85,3
10/06/2016,Darling Yaki Ombre Braid #1/27,47.85,3
10/06/2016,Darling Yaki Ombre YB #1/35,47.85,3
10/06/2016,Hair Bun Plaited Blond,70,1
10/06/2016,Keratin Silicon Serum,80,1
10/06/2016,"Linda 26"" Straight",190,1
10/06/2016,"Linda 26"" Straight",380,2
09/06/2016,Pink Top,2,1
09/06/2016,Training Hair Short Neck,350,1
09/06/2016,WS Darling Yaki 1/27/350,224.25,1
09/06/2016,WS Darling Yaki Braid #1,209.95,1
09/06/2016,WS Darling Yaki Ombre #1/35,224.25,1
09/06/2016,YC Fitting Insertions,90,2
07/06/2016,YC Virginity Soap,55,1
15/06/2016,"24"" Wave Aisha Collexion",2600,1
15/06/2016,Curl Activator,35,1
15/06/2016,Darling Boy Cut #1,88.6,1
15/06/2016,Darling Joya #1,88.6,1
17/06/2016,Darling Joya #1,88.6,1
17/06/2016,Darling Ombre Braid #1/27,31.9,2
16/06/2016,Darling Sherry #1/35,88.6,1
16/06/2016,Darling yaki # 1,14.95,1
16/06/2016,Darling Yaki Braids #1,59.8,4
16/06/2016,Darling Yaki Braids #1,179.4,12
14/06/2016,Finnigans White Blazer,60,1
14/06/2016,Flexi Rod Small,25,1
14/06/2016,Hair Shampoo Dye Black,44,2
14/06/2016,JC Bleaching Powder 40 Vol.,30,1
14/06/2016,Keratin Shampoo 200ml,75,1
13/06/2016,Keratin Silicon Serum 30 gr,80,1
13/06/2016,Liso Conditioner 250ml,60,1
18/06/2016,Marhaba Amla Hair Oil,65,1
18/06/2016,NH Mehandi Brown Dye Henna,40,1
18/06/2016,Small Gift Bag Gold,6,1
20/06/2016,CreamSilk Conditioner,45,1
20/06/2016,Curl Activator,35,1
20/06/2016,Darling Ultra Dred #27,66.6,1
20/06/2016,Darling Ultra Dred #4,66.6,1
20/06/2016,"Linda 26""Straight",190,1
21/06/2016,"Linda 26""Straight",190,1
21/06/2016,MTC Starter Pack,10,1
22/06/2016,Darling Yaki Braid #27,59.8,4
22/06/2016,Darling Yaki Briad #1,119.6,8
22/06/2016,Darling Joya #1,88.6,1
22/06/2016,"10""Wave Bella Yaki FH",650,1
22/06/2016,Keratin Silicon Serum,80,1
22/06/2016,Darling Yaki Braid #35,14.95,1
22/06/2016,"14""Wave Aisha Collexion",1550,1
22/06/2016,Curl Activator,70,2
22/06/2016,Marhaba Amla Hair Oil,65,1
22/06/2016,"20""Kinky Curl Aisha Collexion",2300,1
23/06/2016,Curl Activator,35,1
23/06/2016,"10""Curly Aisha Collexion",1350,1
24/06/2016,"Linda 26""Straight",190,1
24/06/2016,Darling Yaki Braid #1,29.9,2
24/06/2016,Darling Yaki Braid #1/27/35,79.75,5
24/06/2016,Darling Yaki Braid #1/27,15.95,1
24/06/2016,"8""Curly Aisha Collexion",1050,1
25/06/2016,"Linda 26""Straight",190,1
25/06/2016,Darling Ombre Braid #1/27,74.75,5
25/06/2016,Darling Kayla Curl #1/35,177.2,2
25/06/2016,Curl Activator,35,1
25/06/2016,Flexi Rod Medium,35,1
27/06/2016,Red Tunnic Top,30,1
27/06/2016,"10""Bella Yaki FH",650,1
27/06/2016,"14""Curly Aisha Colexion",1700,1
27/06/2016,Curl Activator,35,1
27/06/2016,WS Darling Yaki Ombre #1/35,224.25,1
27/06/2016,WS Darling Yaki #1/27,224.25,1
28/06/2016,Darling Yaki Braid #1,29.9,2
28/06/2016,Darling Yaki Braid #1/35,79.75,5
29/06/2016,"12""Wave Aisha Collexion",1550,1
29/06/2016,"14""Wave Aisha Collexion",1700,1
29/06/2016,Darling Yaki Braid #1,164.45,11
29/06/2016,Cosmetic Bag,50,1
29/06/2016,Elastic Hair Thread Various Colours,10,1
29/06/2016,Noor Kayaal,30,1
30/06/2016,Darling Boy Cut #1,88.6,1
30/06/2016,Curl Activator,70,2
30/06/2016,Darling Sherry #1,88.6,1
30/06/2016,Boys School Shoes,20,1
30/06/2016,Burberry Hair Pin,5.5,1
30/06/2016,"18""Curly Aisha Collexion",2100,1
30/06/2016,Pink Foot Heal File,20,1
30/06/2016,WS Darling Yaki Braid #1,418.5,2
30/06/2016,Darling Yaki Braid #35,29.9,2
30/06/2016,Traditional Necklace,15,1
01/07/2016,Darling Sherry 1/35,88.6,1
01/07/2016,Hair Installation Template,5,1
01/07/2016,Damaged Foam Head,50,1
01/07/2016,Clip Black PO4,18,1
01/07/2016,Pulling Needle Green,50,1
01/07/2016,"20""Curly Aisha Collexion",2280,1
01/07/2016,Curl Activator,35,1
01/07/2016,Pulling Needle Wood,100,1
01/07/2016,Darling Soft Dred 1/35,66.6,1
01/07/2016,Darling Soft Dred 1/27,66.6,1
01/07/2016,"Linda 26""Straight",380,2
01/07/2016,"16""Wave Aisha Collexion",1850,1
02/07/2016,Red Insynic Tunic Medium,30,1
02/07/2016,Grey ladies Blazer,40,1
02/07/2016,Darling Yaki Ombre Braids,108.48,8
02/07/2016,Darling Yaki Braid #27,119.6,8
02/07/2016,Hair Bolla Pack of 2 Multi Colur,7,2
02/07/2016,Darling Pony Tail #4,38.6,1
02/07/2016,DY Single Plait Short #1,11.9,2
02/07/2016,Weaving Cap,20,1
02/07/2016,"Linda 26""Straight",380,2
02/07/2016,Darling Joya #1,177.2,2
02/07/2016,Darling Yaki Braid #1/27/350,63.8,4
02/07/2016,Darling Yaki Braid #1,59.8,4
02/07/2016,MWS Darling Yaki #35,69.75,5
02/07/2016,MWS Darling Yaki Braid #1,139.5,10
04/07/2016,Curl Activator,35,1
05/07/2016,Weaving Cap,20,1
05/07/2016,Darling Yaki Braid #1,59.8,4
05/07/2016,Brown Court Shoes,60,1
05/07/2016,Darling Lolita #1,88.6,1
05/07/2016,"Linda 26""Straight",380,2
06/07/2016,Virginity Soap with Rose,110,2
06/07/2016,Fitting Insertion,90,2
06/07/2016,Darling Soft Dred #1/27,133.2,2
06/07/2016,Darling Pony Tail #4,193,5
06/07/2016,Darling Pony Tail #4/27,38.6,1
06/07/2016,Darling Pony Tail #2/39,77.2,2
06/07/2016,WS Darling Yaki Braid # 1,209.25,1
06/07/2016,Darling Lolita #1,177.2,2
06/07/2016,Darling Lolita #2,88.6,1
06/07/2016,Darling Lolita #1/35,88.6,1
06/07/2016,Darling Sherry #1/27,88.6,1
06/07/2016,Darling Sherry #1/35,88.6,1
06/07/2016,Darling Sherry #1,88.6,1
06/07/2016,Darling Daniella #4/27,177.2,2
06/07/2016,Darling Daniella #2,88.6,1
07/07/2016,Curl Activator,35,1
08/07/2016,Pappa Reale,45,3
08/07/2016,"Linda 26""Straight",380,2
08/07/2016,Darling Ombre 1/27,95.7,6
08/07/2016,Darling Soft Dred #1/35,133.2,2
08/07/2016,Darling Soft Dred #1,133.2,2
08/07/2016,"24""Wave Aisha Collexion",2600,1
08/07/2016,MTC Starter Pack,20,2
08/07/2016,klere,40,1
09/07/2016,Darling Yaki #1,14.95,1
09/07/2016,Blue Suit Pencil Stripes,100,1
09/07/2016,Alice Band Polka Dot,20,2
09/07/2016,Marhaba Amla  Hair Oil,65,1
09/07/2016,Hair Brush & Mirror,10,1
09/07/2016,Spiderman Frame,20,1
09/07/2016,Darling Yaki Braid #35,74.75,5
09/07/2016,Darling Yaki Braid #1/27/350,79.75,5
09/07/2016,Darling Lolita #2,88.6,1
09/07/2016,"Linda 26""Straight",190,1
09/07/2016,Finnigan Mustard Top,40,1
09/07/2016,Pappa Reale,45,3
09/07/2016,Cape Verde Wrap Dress,40,1
09/07/2016,Oasis Black Blouse #18,30,1
11/07/2016,Darling Sherry 1/35,88.6,1
11/07/2016,SGA Men Shirt,30,1
12/07/2016,Darling Mini Hollywood #2,88.6,1
12/07/2016,Darling Boy Cut #1,88.6,1
12/07/2016,Black & White Stripe Shirt,40,1
13/07/2016,Darling Yaki Ombre YB1/35,15.95,1
13/07/2016,Darling Yaki YB1/27/350,47.85,3
13/07/2016,Darling Yaki YB 1/27,47.85,3
13/07/2016,Curl Activator,35,1
13/07/2016,Spray Bottle,30,1
14/07/2016,Darling Kayla Curl #2,88.6,1
14/07/2016,Darling Kayla Curl 1/35,88.6,1
14/07/2016,Darling Yaki Braid #1,14.95,1
15/07/2016,Darling Yaki Braid #35,14.95,1
15/07/2016,Darling Yaki Braid #1,29.9,2
15/07/2016,One Million Braid 1/39,57.9,2
15/07/2016,Black Magic Shampoo Dye,44,2
15/07/2016,Hair Bonding Glue,80,1
15/07/2016,Fishnet Stocking Spaghetti Strip,80,1
15/07/2016,Velvet Hair Bolla,35,1
15/07/2016,Noor Kayaal Eyeliner,30,1
15/07/2016,Miss Beauty Masque Cucumber,80,1
15/07/2016,Pastil Mud Mask Gold,80,1
16/07/2016,Darling Vibrations #1,177.2,2
16/07/2016,Darling Yaki Braid #35,44.85,3
16/07/2016,Hair Heating Hat,150,1
16/07/2016,V Colour Hair Bola Spiral,2.5,1
16/07/2016,Clip Blond PO4,90,5
16/07/2016,Darling Yaki Braid #1,14.95,1
16/07/2016,Darling Boy Cut #1,88.6,1
16/07/2016,Curl Activator,35,1
18/07/2016,"20""Wave FH Aisha Collexion",2280,1
18/07/2016,"18""Wave FH Aisha Collexion",2100,1
18/07/2016,"12""Wave FH Aisha Cllexion",1550,1
18/07/2016,Darling Yaki Braid #1/27/350,31.9,2
18/07/2016,Hair Bola Black Large,4.5,1
18/07/2016,Curl Activator,35,1
18/07/2016,Grey Jersey Dress,60,1
18/07/2016,Flexi Rod Medium,35,1
18/07/2016,Cosmetic Bag,50,1
19/07/2016,Nike Jersey layby,20,1
19/07/2016,Darling Yaki Braid #35,44.85,3
19/07/2016,White Jersey Timberland,30,1
19/07/2016,Curl Activator,35,1
20/07/2016,"12""Wave FH Aisha Collexion",1550,1
20/07/2016,Hair Straightning Tool,150,1
21/07/2016,Darling Yaki Braid #27,29.9,2
21/07/2016,Dr James Acne & Freckle Soap,55,1
21/07/2016,Boys Cream Pants,15,1
21/07/2016,Brown Leather Jacket layby,10,1
22/07/2016,Clip Black PO4,180,10
22/07/2016,Brown Leather Jacket,30,1
22/07/2016,Havaianas Black Slim Line,260,1
22/07/2016,Nunaat Brazilian Hair Oil,55,1
22/07/2016,Darling Yaki Braid #1,59.8,4
23/07/2016,Nike Olive Jersey,20,1
23/07/2016,Pappa Reale,15,1
23/07/2016,"20""wave Aisha Collexion",2280,1
23/07/2016,"12""Curly Aisha Collexion",1550,1
23/07/2016,Curl Activator,105,3
23/07/2016,Blue Court Shoes,40,1
23/07/2016,Black Leather Shoes,60,1
25/07/2016,Darling Yaki Baid #27,14.95,1
25/07/2016,Darling Yaki Braid #1,14.95,1
25/07/2016,Darling Yaki Vibrations #1,157.2,2
25/07/2016,Clip Black PO4,18,1
25/07/2016,"20""Wave Clip On HH Hair Piece",540,1
25/07/2016,Blond Hair Band,35,1
25/07/2016,Pappa Reale,15,1
25/07/2016,Nunaat Brazilian Hair Oil,55,1
25/07/2016,"12""Wave Aisha Collexion",1550,1
25/07/2016,Nipple Bra 36 Beige,55,1
26/07/2016,Micro Bead Black,150,3
26/07/2016,Darling Yaki Braid #1,44.85,3
26/07/2016,Pulling Needle Green,50,1
26/07/2016,Pulling Needle Red,50,1
26/07/2016,Mixed Darling Yaki Braid #35,69.75,5
26/07/2016,Mixed Darling Yaki Braid #1,139.5,10
26/07/2016,MTC Strater Pack,10,1
26/07/2016,Nipple Bra 36 Beige,55,1
26/07/2016,Marhaba Amla Oil,65,1
27/07/2016,Curl Activator,35,1
27/07/2016,Darling Yaki Braid #1,59.8,4
27/07/2016,"20""Curly Aisha Collexion",2280,1
27/07/2016,Grey & Black Glitter T-Shirt,40,1
27/07/2016,Grey & Red Jersey,15,1
27/07/2016,Grey Tight Fit Top,30,1
27/07/2016,Burberry Hair Pin,5.5,1
27/07/2016,Black Hair Comb,5,1
27/07/2016,Various Colour Hair Comb with Stud,3.5,1
27/07/2016,Flower various colours,5,2
27/07/2016,Alice Band with Stud,10,1
27/07/2016,A Lip Stick Various Colours,10,1
27/07/2016,Dolce & Gabanna T-Shirt,10,1
27/07/2016,Daniel Hechter Black Trouser,40,1
27/07/2016,Charter Club Formal Dress,185,1
27/07/2016,Black Underwear 365,5,1
27/07/2016,"18""Curly Aisha Collexion",2100,1
28/07/2016,Darling Vibrations #4,78.6,1
28/07/2016,YC Virginity with Pink Rose,110,2
28/07/2016,Hair Bonding,80,1
29/07/2016,Curl Activator,70,2
29/07/2016,Nunaat Brazilian Hair Oil,55,1
29/07/2016,A Lip Stick Various Colours,10,1
29/07/2016,Darling Ombre #1/27,63.8,4
29/07/2016,C Shaped Needle,8,1
29/07/2016,Hair Grip Green Ribbon Shape,2.5,1
29/07/2016,Silicon Mulit Colour Small,3.5,1
30/07/2016,"18""Wave Aisha Collexion",2100,1
30/07/2016,"16""Wave Aisha Collexion",1920,1
30/07/2016,Hair Comb Brown Small,12,2
30/07/2016,Curl Activator,35,1
30/07/2016,Body Shaper Beige,120,1
30/07/2016,Hair Comb Browm Medium,20,2
30/07/2016,Darling Yaki Braid #1,134.55,9
30/07/2016,Bee Hive Brown Egg Shapped,40,1
30/07/2016,Darling Soft Dred #127,133.2,2
06/08/2016,Darling Yaki Braid #1,74.75,5
06/08/2016,"16""Curly 1 Piece  Aisha Collexion",935,1
06/08/2016,Curl Activator,70,2
06/08/2016,Hair Bonding Glue,80,1
05/08/2016,Darling  Yaki 1/27/350,95.7,6
05/08/2016,Darling Yaki Braid #1,14.95,1
05/08/2016,WS Darling Yaki Braid #1,209.25,1
05/08/2016,Darling Pony Tail long #2,38.6,1
05/08/2016,Darling Pony Tail long #4,38.6,1
04/08/2016,Darling Mini Ondule #1,78.6,1
04/08/2016,Darling Yaki Braid #35,14.95,1
04/08/2016,Darling Yaki Braid #1,14.95,1
04/08/2016,Marhaba Amla Hair Oil,65,1
03/08/2016,"20""Wave Aisha Collexion",2280,1
03/08/2016,Marhaba Amla Hair Oil,130,2
03/08/2016,MTC Starter Pack,10,1
03/08/2016,Pappa Reale,15,1
03/08/2016,Nunaat Brazilian Hair Oil,55,1
03/08/2016,Black Hair Comb,5,1
03/08/2016,Black Skiny Underwear,7,1
02/08/2016,Darling Yaki Braid #1,44.85,3
02/08/2016,Darling Boy Cut #4,78.6,1
02/08/2016,Brown Baby Shoes,35,1
02/08/2016,Blue Baby  Shoes,35,1
01/08/2016,"14""Wave Aisha Collexion",1700,1
01/08/2016,Curl Activatir,35,1
01/08/2016,Darling Yaki Braid #35,119.6,8
01/08/2016,WS Darling Yaki Braid #1,418.5,2
01/08/2016,WS Darling Yaki Braid #35,209.25,1
01/08/2016,Wig Cap,20,1
01/08/2016,Make Up Brush Set,45,1
01/08/2016,"Linda 26""Straight",190,1
08/08/2016,Perm Curlers,100,1
08/08/2016,Tube Eueliner,15,1
09/08/2016,Velvet Hair Bolla,35,1
09/08/2016,A Lipstick,10,1
09/08/2016,"20""Wave HH Clip on Piece",540,1
09/08/2016,Eyelash/wig bond remover,45,1
10/08/2016,Clip Black PO4,90,5
10/08/2016,Curl Activator,35,1
10/08/2016,Darling Yaki #1,29.9,2
10/08/2016,None,None,
11/08/2016,Curl Activator,35,1
11/08/2016,Nr28 T-Shirt,4,1
11/08/2016,Darling Yaki #1,14.95,1
11/08/2016,Lace Wig Tape Roll 3M,200,2
11/08/2016,Movie Star Joedir Wig Human Hair,685,1
12/08/2016,Darling Yaki Braid #1,14.95,1
12/08/2016,Pappa Reale,15,1
12/08/2016,Carmen wig Joedir,535,1
12/08/2016,Hair straightner Iron,150,1
12/08/2016,"18""Wave Collexion Aisha",2100,1
12/08/2016,Darling Mini Hollywood # 2,78.6,1
13/08/2016,Darling Kayla Curl 1/39,157.2,2
13/08/2016,Marhaba Amla Oil,130,2
13/08/2016,"24""Wave Aisha Colexion",2600,1
13/08/2016,Hail Bola Black Large,4.5,1
13/08/2016,Velvet Brown Top,15,1
13/08/2016,Hair Grip Pink & Black,3.5,1
13/08/2016,CP Lip Stiick Various Colours,50,1
13/08/2016,A Lip Stick Variours Colours,10,1
13/08/2016,Alice Band with Studs,10,1
13/08/2016,Alice Band Spiral,10,1
13/08/2016,Flower Various Colour,2.5,1
14/08/2016,Flexi Rod Medium,35,1
14/08/2016,Adele Wig Joedir,445,1
14/08/2016,Darling Sherry #2,78.6,1
14/08/2016,Darling Mini Hollywood #2,78.6,1
16/08/2016,Carmen Joedir Wig Human Hair,535,1
16/08/2016,Darling Lolita 1/35,78.6,1
16/08/2016,Curl Activator,70,2
16/08/2016,Pappa Reale IBR 10ml,15,1
17/08/2016,V Colour Hair Comb with Stud,17.5,5
17/08/2016,Hair Bolla Black Large,9,2
17/08/2016,Darling Daniela #2,78.6,1
17/08/2016,Darling Sherry 1/35,78.6,1
17/08/2016,Fish Net V Shape Body Stocking,80,1
17/08/2016,Darling Yaki Braid #1,44.85,3
18/08/2016,WS Darling Yaki Braid #35,418.5,2
18/08/2016,WS Darling Yaki Braid #1,209.25,1
18/08/2016,False Eye Lashes Long,20,1
18/08/2016,Darling Soft Dred 1/27,66.6,1
18/08/2016,Darling Soft Dred 1/39,66.6,1
18/08/2016,Yellow Vibrator Small,150,1
18/08/2016,Magic Black Hair Shampoo,44,2
18/08/2016,Artificial Hair Colour,10,2
18/08/2016,Darling Lolita #1,78.6,1
18/08/2016,Darling Lolita 1/35,78.6,1
19/08/2016,Cotton Elastic Threat Black,16,2
19/08/2016,"22""Wave Lace Closure",1100,1
20/08/2016,Carmen Joedir Wig,535,1
20/08/2016,Clip Black Pack of 4,54,3
20/08/2016,Flexi Rod Large,45,1
20/08/2016,"8""Straight Clip On Bella Human Hair",185,1
21/08/2016,Darling Yaki Braid #27,14.95,1
21/08/2016,Darling Yaki Braid #1,14.95,1
21/08/2016,Curl Activator,35,1
21/08/2016,MTC Starter Pack,10,1
21/08/2016,A Lip Stick Various Colours,10,1
21/08/2016,Noor Kayaal Eyeliner,30,1
23/08/2016,Hair Bolla Pack of 2 Multicolour,3.5,1
23/08/2016,Darling Sherry #1,78.6,1
23/08/2016,Darling Yaki Braid #1,29.9,2
23/08/2016,Flexi Rod Large,45,1
23/08/2016,New Style Mascara,80,1
23/08/2016,Eye Pencil,60,1
24/08/2016,Carmen Joedir Wig Human Hair,535,1
24/08/2016,Pappa Reale,45,3
24/08/2016,Adele Joedir Wig,445,1
24/08/2016,"10"" Wave Aisha Collexion",1400,1
24/08/2016,Curl Activator,35,1
25/08/2016,Darling Lolita #2,78.6,1
25/08/2016,Flower Various colours,1.5,1
25/08/2016,Tube Eye liner,15,1
25/08/2016,Darling Yaki Braid #35,14.95,1
25/08/2016,Darling Yaki Braid #1,29.9,2
25/08/2016,Comb/Brush/Mirror Combo,15,1
25/08/2016,Hair Grip Flower,1.5,1
25/08/2016,Darling Mini Hollywood #2,78.6,1
29/08/2016,Darling Daniella #2,78.6,1
29/08/2016,Hair Bolla Black Large,4.5,1
29/08/2016,Clip Black Pack of 4,36,2
29/08/2016,Darling Yaki Braid #27,14.95,1
29/08/2016,MTC Starter Pack,10,1
29/08/2016,DIY Wig Joedir Wig,475,1
29/08/2016,RKH3599 Joedir Wig,669,1
29/08/2016,Darling Yaki Braid #1,44.85,3
31/08/2016,Darling Sherry #1/35,78.6,1
31/08/2016,Cosmetic Bag,50,1
31/08/2016,"20""Wav Clip On Human Hair",540,1
31/08/2016,Curl Activator,70,2
31/08/2016,Darling Sherry #1,78.6,1
31/08/2016,Pink Foot Heal,20,1
01/09/2016,Men Formal Shoes,20,1
01/09/2016,Alice Band with Studs,10,1
01/09/2016,Darling Mini Ondule #1,78.6,1
01/09/2016,Darling Yaki Braid #1,29.9,2
02/09/2016,Keratin Glue Sticks Black Long,120,1
02/09/2016,Keratin Glue Gun Small,100,1
02/09/2016,"26""Linda Straight",380,2
02/09/2016,Darling Yaki Braid #1,29.9,2
02/09/2016,Thongs Various Colours,35,1
03/09/2016,"Linda 26""Straight",190,1
03/09/2016,Darling Vibrations 1/27,78.6,1
03/09/2016,Darling Sherry #1,78.6,1
05/09/2016,Green & Cream T-Shirt,5,1
05/09/2016,WS Darling Yaki Braid #1,209.25,1
05/09/2016,Naomi Joedir Wig,666,1
06/09/2016,YC Virginity With Rose,110,2
06/09/2016,YC Fitting Insertions,135,3
06/09/2016,Curl ctivator,38,1
06/09/2016,"14""Curly Aisha Collexion",1850,1
06/09/2016,Hair Bola Large,4.5,1
06/09/2016,Earings,55,1
06/09/2016,Marhaba Amla Oil,65,1
07/09/2016,A Lip Stick Various Colour,10,1
07/09/2016,Darling Yaki Braid #1,44.85,3
08/09/2016,Pappa Reale,30,2
08/09/2016,MTC Stater Pack,10,1
08/09/2016,Movie Star Joedir Wig,685,1
08/09/2016,Clip Black Pack of 4,54,3
09/09/2016,Men's Formal Shoes laybuy,20,1
09/09/2016,"18""Wave Aisha Collexion",2200,1
09/09/2016,Go-TV Decoder & Antenna,299.99,1
09/09/2016,Pappa Reale,30,2
09/09/2016,Darling Vibrations #4,78.6,1
09/09/2016,Hair Bonding Glue 60ml,80,1
10/09/2016,Darling Yaki Braid #1,29.9,2
10/09/2016,Flower Various Colours,2.5,1
10/09/2016,Marhaba Amla Hair Oil,65,1
10/09/2016,Curl Activator,38,1
10/09/2016,WS Darling Yaki Braid #1,209.25,1
10/09/2016,WS Darling Yaki Braid #35,209.25,1
12/09/2016,NH MEHANDI DYE HENNA,40,1
13/09/2016,Darling Sherry #2,157.2,2
13/09/2016,Pappa Reale,15,1
13/09/2016,WS Darling Yaki Braid #1,209.25,1
13/09/2016,WS Darling Yaki Braid #27,209.25,1
13/09/2016,WS Darling Yaki Braid #35,209.25,1
13/09/2016,Darling Vibrations 1/27,78.6,1
13/09/2016,Darling Vibrations 4,157.2,2
13/09/2016,Darling Lolita #2,157.2,2
13/09/2016,Darling Sherry #1,157.2,2
13/09/2016,Darling Sherry 1/27,78.6,1
13/09/2016,Darling Sherry 1/39,78.6,1
13/09/2016,Darling Mini Hollywood,157.2,2
13/09/2016,Darling Daniella 2,78.6,1
13/09/2016,Darling Daniella 4/27,78.6,1
13/09/2016,Darling Mini Ondule #1,78.6,1
13/09/2016,Darling Pony Tail #1,157.2,2
13/09/2016,Darling Pony Tail #2,157.2,2
15/09/2016,DARLING SHERRY 1/35,78.6,1
15/09/2016,V COLOUR HAIR BOLA SPIRAL,2.5,1
16/09/2016,"10""Wave Bella Yaki FH",650,1
16/09/2016,Darling Sherry 1/35,78.6,1
16/09/2016,Flexi Rod Small,25,1
16/09/2016,GO-TV Decoder & Antenna,299.99,1
17/09/2016,Curl Activator,38,1
17/09/2016,Amla Hair Oil,45,1
17/09/2016,Carmen Joedir Wig Human Hair,535,1
17/09/2016,Spiderman Frame,10,1
17/09/2016,Darling Lolita #1,78.6,1
17/09/2016,Magic Black Shampoo,22,1
19/09/2016,Darling Yaki Braid #1,14.95,1
19/09/2016,GO-TV Decoder & Antenna,299.99,1
19/09/2016,Darling Yaki Braid #35,44.85,3
19/09/2016,"12""Wave FH Aisha Collexion",1600,1
19/09/2016,Purplr & Orange Dress,20,1
19/09/2016,Amla Hair Oil,45,1
20/09/2016,Hair Straightner Iron,160,1
20/09/2016,Clip Brown Pack of 4,54,3
20/09/2016,Amla Hair Food 100ml,45,1
20/09/2016,Deo Lady Virginity Drops,35,1
20/09/2016,Hair Bola Black Large,4.5,1
20/09/2016,Darling Yaki Braid #1,29.9,2
20/09/2016,Darling Yaki Braid #35,29.9,2
22/09/2016,Curl Activator,38,1
22/09/2016,Flexi Rod Large,90,2
22/09/2016,Amla Hair Oil 100ml,45,1
22/09/2016,MTC Starter Pack,10,1
22/09/2016,GO-TV Decoder & Antenna,299.99,1
23/09/2016,Darling Yaki Braid #1,74.75,5
23/09/2016,GO-TV Decoder & Antenna,299.99,1
23/09/2016,Curl Activator,38,1
24/09/2016,Movie Star Joedir Wig Human,685,1
24/09/2016,Curl Activator,38,1
24/09/2016,"14""Wave  Aisha Collexion",1850,1
24/09/2016,Darling Yaki Braid #1,104.65,7
26/09/2016,MTC Starter Pack,10,1
26/09/2016,Clip Brown Pack of 4,72,4
26/09/2016,Men's Performance Booster,43,1
27/09/2016,Magic Black Shampoo Dye,22,1
28/09/2016,GO-TV Decoder & Antenna,299.99,1
28/09/2016,MTC Starter Pack,10,1
29/09/2016,MTC Starter Pack,10,1
29/09/2016,"20""Wave Aisha Collexion",2400,1
29/09/2016,Amla Hair Oil 100ml,45,1
29/09/2016,Brown Comb large,15,1
29/09/2016,Burberry Hair Pin,5.5,1
29/09/2016,Darling Mini Hollywood #2,78.6,1
29/09/2016,Darling Yaki Braid #35,44.85,3
30/09/2016,Havaianas Off Pink,260,1
30/09/2016,BHE Yaki Braid #1,28.2,2
30/09/2016,Darling Yaki Braid #1,74.75,5
30/09/2016,MTC Starter Pack,20,2
30/09/2016,Darling Boy Cut #4,786,1
30/09/2016,GO-TV Decoder & Antenna,299.99,1
30/09/2016,Burberry Hair Pin,5.5,1
1/10/2016,"16""Wave Aisha Collexiion",1950,1
1/10/2016,Darling Ultra Dred #39,66.6,1
1/10/2016,Darling Ultra Dred #27,66.6,1
1/10/2016,BHE Yaki #1,59.8,4
1/10/2016,GO-TV Decoder & Antenna,299.99,1
1/10/2016,Miss Beauty Masque Peel,80,1
1/10/2016,Darling Mini Ondule 1/35,78.6,1
3/10/2016,"12""BHE Loose Curl Blond",78.6,1
3/10/2016,Bhe Yaki Braid #1,29.9,2
3/10/2016,Clip Black Pack of 4,54,3
3/10/2016,Curl Activator,38,1
3/10/2016,Darling Mini Ondule #4,78.6,1
4/10/2016,Curl Activator,38,1
4/10/2016,Flexi Rod Medium,70,2
4/10/2016,Darling Daniella #2,78.6,1
4/10/2016,GO-TV Decoder & Antenna,299.99,1
4/10/2016,BHE Pony Tail Medium #4/35,95.7,3
4/10/2016,Amla Hair Oil 100ml,45,1
5/10/2016,MTC Starter Pack,10,1
5/10/2016,Darling Mini Hollywood,78.6,1
5/10/2016,"14""Aisha Collexion FH",2600,1
5/10/2016,Darling Yaki Braid #35,44.85,3
5/10/2016,Curl Activator,76,2
5/10/2016,BHE Yaki Braid #1,44.85,3
5/10/2016,Darling Kayla Curl #1/30,157.2,2
6/10/2016,Darling Kayla Curl #1/39,78.6,1
6/10/2016,Darling Mini Hollywood #2,78.6,1
7/10/2016,Cream Ladies Hat,15,1
7/10/2016,GO-TV Decoder & Antenna,299.99,1
7/10/2016,Black Magic Shampoo Dye,22,1
7/10/2016,Pappa Reale,15,1
8/10/2016,Noor Kayaal Eyeliner,30,1
8/10/2016,Clip Pack of 4 Black,18,1
8/10/2016,Pappa Reale,15,1
10/10/2016,Darling Pony Tail #2,38.6,1
10/10/2016,"12""Aischa Collecion FH",1600,1
10/10/2016,YC Virginity Soap with Pink Rose,45,1
10/10/2016,Argussy Virginity Liquid,65,1
10/10/2016,Curl Activator,76,2
10/10/2016,"20""Lace Front",1050,1
11/10/2016,Darling Mini Ondule #1,78.6,1
11/10/2016,Tube Eueliner,15,1
11/10/2016,Darling Sherry #1,78.6,1
11/10/2016,GO-TV Decoder & Antenna,299.99,1
12/10/2016,Pappa Reale,45,3
12/10/2016,BHE Yaki Braid,44.85,3
12/10/2016,Darling Yaki #35,14.95,1
12/10/2016,Curl Activator,114,3
12/10/2016,"10"" Curly Aischa Collexion",1500,1
13/10/2016,Velcro Curler Orange,75,1
14/10/2016,Curl Activator,38,1
15/10/2016,Satin Red Ladies Top,60,1
15/10/2016,Cotton Elastic Threat Black,16,2
15/10/2016,Hair Grip Shell Handle,10,4
15/10/2016,Hair Detangler Green,20,2
15/10/2016,Dye comb & Brush Combo,35,1
15/10/2016,Dye Bowl Black,35,1
17/10/2016,Darling Daniella #2,157.2,2
17/10/2016,Darling Vibrations #4,78.6,1
17/10/2016,GO-TV Decoder & Antenna,299.99,1
17/10/2016,Darling Mini Ondule 4/27,78.6,1
17/10/2016,"16""Wave Aischa Collexion FH",1950,1
19/10/2016,BHE Ombre Yaki Braid 4/35,31.9,2
19/10/2016,Clip Black Pack of 4,90,5
19/10/2016,GO-TV Decoder & Antenna,299.99,1
19/10/2016,Darling Lolita #2,78.6,1
19/10/2016,Curl Activator,38,1
19/10/2016,Hair Grip Shell Handle,2.5,1
20/10/2016,Pappa Reale,15,1
20/10/2016,DSTV Compact,345,1
20/10/2016,Electricity,850,1
20/10/2016,BHE Ombre Yaki 4/35,15.95,1
20/10/2016,NH Mehandi Brown Dye Henna,40,1
20/10/2016,Hair Heating Hat,150,1
20/10/2016,MTC Starter Pack,10,1
20/10/2016,BHE Yaki Braid #1,44.85,3
21/10/2016,"BHE 18""Deep Curl Purple",78.6,1
21/10/2016,GO-TV Decoder & Antenna,299.99,1
21/10/2016,Darling Ombre Braid 1/27,31.9,2
21/10/2016,BHE Yaki Braid #1,44.85,3
22/10/2016,Alice Band Sikver Heart,10,1
22/10/2016,Darling Mini Ondule #4,78.6,1
22/10/2016,Darling Mini Ondule #1,78.6,1
24/10/2016,BHE Yaki Braid #1,59.8,4
24/10/2016,Wig Stand Plastic,70,1
25/10/2016,Penis Silicon Ring,29.95,1
25/10/2016,BHE Yaki Braid #1,59.8,4
25/10/2016,MTC Starter Pack,20,2
25/10/2016,Darling Yaki Braid #35,44.85,3
25/10/2016,Darling Yaki Braid #27,14.95,1
25/10/2016,GO-TV Decoder & Antenna,299.99,1
26/10/2016,GO-TV Decoder & Antenna,299.99,1
26/10/2016,BHE Yaki Braid #1,179.5,10
26/10/2016,"14""Hair Piece with Clip",478,1
26/10/2016,Black Hair Comb,5,1
26/10/2016,Brown Bee Egg Shaped,55,1
26/10/2016,Marhaba Amla Hair Oil,65,1
27/10/2016,BHE Yaki Braid #1,14.95,1
27/10/2016,YC Fitting Insertions,45,1
28/10/2016,GO-TV Antenna & Decoder,299.99,1
28/10/2016,BHE Yaki Braid #1,44.85,3
28/10/2016,Darling Mini Ondule #4,78.6,1
28/10/2016,High Rise Potent  Pills,42,1
28/10/2016,Darling Yaki Braid #27,14.95,1
28/10/2016,Pappa Reale,15,1
28/10/2016,Beach Bag,40,1
28/10/2016,Boys Blue Underwear,2,1
29/10/2016,Curl Activator,38,1
29/10/2016,"8""Curly FH Aisha",1400,1
29/10/2016,"18""Curly FH Aisha",2200,1
31/10/2016,GO-TV Decoder & Antenna,299.99,1
31/10/2016,Curl Activator,38,1
31/10/2016,MTC Starter Pack,20,2
1/11/2016,BHE Yaki Braid #1,14.95,1
2/11/2016,High Rise One Shot,43,1
2/11/2016,Darling Boy Cut 4/27,78.6,1
2/11/2016,Darling Sherry 1/39,78.6,1
2/11/2016,YC Virginity Soap with Rose,110,2
2/11/2016,YC Fitting Insertions,90,2
2/11/2016,MTC Starter Pack,10,1
2/11/2016,GO-TV Antenna & Decoder,299.99,1
3/11/2016,Havaianas Beige Slim Line,260,1
4/11/2016,Darling Yaki Braid #35,29.9,2
4/11/2016,Darling Yaki Braid #27,29.9,2
4/11/2016,Amla Hair Oil 100ml,45,1
4/11/2016,Darling Sherry #1,78.6,1
4/11/2016,Micro Bead 50gr,50,1
4/11/2016,Keratin Glue rystal Blond,20,1
4/11/2016,GO-TV Decoder,299,1
5/11/2016,Darling Ombre Braid #1/27,31.9,2
5/11/2016,BHE Ombre Yaki Braid #4/27,15.95,1
5/11/2016,BHE Yaki Braid #1,44.85,3
5/11/2016,Darling Lolita #1,78.6,1
5/11/2016,DSTV Compact,345,1
5/11/2016,Darling Boy Cut 4/27,78.6,1
5/11/2016,Pappa Reale,15,1
5/11/2016,Cotton Elastic Threat Black,8,1
7/11/2016,GO-TV Antenna & Decoder,299.99,1
7/11/2016,MTC Starter Pack,10,1
7/11/2016,Hair Bonding Glue 60ml,80,1
7/11/2016,Hair Bonding Removr Small,35,1
7/11/2016,Curl Activator,38,1
7/11/2016,WS BHE Yaki Braid #1,211.5,1
7/11/2016,Pappa Reale,15,1
7/11/2016,YC Virginity W Pink Rose,110,2
7/11/2016,Brown Lady Shoes Boot,70,1
8/11/2016,GO-TV Antenna & Decoder,299.99,1
8/11/2016,Darling Yaki Braid #35,29.9,2
8/11/2016,Darling Pony Tail Long #2,38.6,1
8/11/2016,Darling Pony Tail #1,38.6,1
8/11/2016,Darling Boy Cut #4,78.6,1
8/11/2016,Flower Various Colours,2.5,1
8/11/2016,BHE Ombre Brown Braid,63.8,4
9/11/2016,GO-TV Antenna & Decoder,299.99,1
9/11/2016,Airtime,20,2
9/11/2016,Flexi Rod Small,25,1
10/11/2016,MTC Starter Pack,10,1
11/11/2016,"14""Curly Aisha Collexion FH",1850,1
11/11/2016,BHE Yaki Pony Tail Medium #1,127.6,4
11/11/2016,Curl Activator,38,1
12/11/2016,Darling Yaki Braid #35,29.9,2
12/11/2016,Darling Yaki Braid #27,14.95,1
12/11/2016,White Plastic Hair Up Do,3.5,1
12/11/2016,Hair Grip Shell Handle,2.5,1
12/11/2016,BHE Yaki Pony Long 4/35,35.85,1
12/11/2016,GO-TV Decoder,299.99,1
14/11/2016,Darling Sherry #2,78.6,1
15/11/2016,Amla Hair Oil 100ml,45,1
15/11/2016,Alice Band Flower with Gold,10,1
15/11/2016,Alice Band Polka Dot,10,1
15/11/2016,GO-TV Decoder,299.99,1
16/11/2016,GO-TV Decoder,299.99,1
16/11/2016,"10""Curly 1 Piece Aischa",850,1
16/11/2016,Curl Activator,38,1
17/11/2016,GO-TV Decoder,299.99,1
17/11/2016,Pappa Reale,15,1
18/11/2016,Hair Sticker,10,1
18/11/2016,MTC Starter Pack,10,1
18/11/2016,Darling Mini Ondule 4/27,78.6,1
18/11/2016,"26""Linda Human Hair",380,2
19/11/2016,Amla Hair Oil 100ml,45,1
19/11/2016,"22""Wave Jenny Collexion LB",1350,1
19/11/2016,"26""Straight Linda",190,1
19/11/2016,Darling Kayla Curl #2,157.2,2
21/11/2016,GO-TV Decoder,299.99,1
21/11/2016,Flower Various Colour,2.5,1
21/11/2016,Small Hair Grip Plastic,4,1
21/11/2016,MTC Starter,10,1
21/11/2016,Clip Black Pack of 4,54,3
22/11/2016,Curl Activator,38,1
22/11/2016,GO-TV Decoder,299.99,1
22/11/2016,Clip Black Pack of 4,36,2
22/11/2016,Cotton Threat Black,8,1
22/11/2016,Hair Bun Plaite Black,70,1
22/11/2016,James Acne Soap & Freckle,55,1
23/11/2016,Black Jean Trouser,80,1
23/11/2016,Curl Activator,38,1
23/11/2016,"10""Curly FH Aisha Collex",1500,1
24/11/2016,"28""Wave Jenny LB",1540,1
24/11/2016,Clip Black PO4,72,4
24/11/2016,Liso Conditioner,60,1
24/11/2016,Amla Hair Oil,45,1
24/11/2016,"26""Linda Human Hair",190,1
24/11/2016,Black Copy Single Page,4,2
24/11/2016,Hair Bun Template,35,1
25/11/2016,"26""Linda Collexion",190,1
25/11/2016,Darling Sherry #1/39,78.6,1
25/11/2016,Amla Hair Oil 100ml,45,1
25/11/2016,Curl Activator,76,2
25/11/2016,"18""Curly FH Aisha",2200,1
25/11/2016,MTC Starter Pack,10,1
25/11/2016,Pappa Reale,15,1
25/11/2016,GO-TV Decoder,299.99,1
26/11/2016,Darling Yaki #35 15 Pieces,423,2
26/11/2016,BHE Yaki Braid #1,14.95,1
26/11/2016,Curl Activator,190,5
26/11/2016,Darling Yaki 1/27/350,15.95,1
26/11/2016,Clip Brown PO4,36,2
26/11/2016,Darling Boy Cut#4,78.6,1
26/11/2016,High Rise Potent Pills,42,1
26/11/2016,"26""Linda Human Hair",570,3
26/11/2016,Darling Sherry 1/35,157.2,2
26/11/2016,Darling Mini Ondule 4/27,78.6,1
26/11/2016,Darling Boy Cut #1,78.6,1
26/11/2016,Hair Bolla Pack of 2 multi colour,10.5,3
26/11/2016,"12""Wave FH Aisha Collection",1600,1
28/11/2016,Black Copy,28,14
28/11/2016,GO-TV Decoder & Antenna,299.99,1
28/11/2016,Alice Band with Studs,10,1
28/11/2016,MTC Starter Pack,10,1
28/11/2016,Darling Yaki Braid #35,44.85,3
28/11/2016,Curl Activator,38,1
28/11/2016,"26""Linda Straight HH",380,2
28/11/2016,Flexi Rod Large,45,2
28/11/2016,BHE Ponytail #35,42.6,2
28/11/2016,DSTV,344.35,1
29/11/2016,Clip Black Pack of 4,36,2
29/11/2016,"14""Wave FH Aisha Coll",1850,1
29/11/2016,Amla Hair Oil 100ml,45,1
29/11/2016,Hair Bolla Pack of 2,3.5,1
29/11/2016,GO-TV Decoder & Antenna,299.99,1
29/11/2016,"16""Curly Aisha 1 Piece",1075,1
29/11/2016,Darling Boy Cut #4,78.6,1
30/11/2016,Hair Bonding Glue 60ml,80,1
30/11/2016,"26""Linda Straight",190,1
30/11/2016,Pappa Reale,15,1
30/11/2016,Clip Brown Pack of 4,36,2
30/11/2016,Clip Black Pack of 4,36,2
30/11/2016,"10""Curly FH",1500,1
1/12/2016,Dr James Acne Soap,55,1
1/12/2016,GO-TV Decoder & Antenna,299.99,1
1/12/2016,"10""Bella Yaki FH",650,1
1/12/2016,MTC Starter Pack,10,1
1/12/2016,Black Copy,6,3
2/12/2016,GO Plus Payment 105,205,2
2/12/2016,Black Copy,2,1
2/12/2016,"26""Linda  Straight",190,1
2/12/2016,MTC Starter Pack,10,1
2/12/2016,Ladies Apron,60,1
2/12/2016,BHE Ombre Yaki Braid 4/27,15.95,1
2/12/2016,"16""Wave FH Aisha",1950,1
2/12/2016,Amla Hair Oil 100ml,45,1
3/12/2016,"14""Curly FH Aisha",1850,1
3/12/2016,Amla Hair Oil 100ml,85,1
3/12/2016,Pappa Reale,15,1
3/12/2016,"26""Linda Straight",190,1
3/12/2016,Darling Yaki #35,14.95,1
3/12/2016,BHE Ponytail #35,42.6,2
5/12/2016,GO-TV Decoder & Antenna,299.99,1
5/12/2016,Adele Wig Joedir Human,445,1
5/12/2016,Wig Plastic Stand,70,1
5/12/2016,Black Copy,6,3
5/12/2016,MTC Starter Pack,60,6
5/12/2016,"26""Linda Straight",190,1
5/12/2016,Curl Activator,38,1
5/12/2016,Darling Vibrations #4,78.6,1
6/12/2016,Pappa Reale,15,1
6/12/2016,"14""Curly Aisha",1850,1
7/12/2016,BHE Ponytail #35,42.6,2
7/12/2016,SS Oil Moisture Spray 250ml,43.99,1
7/12/2016,JS Hair Treatment 20ml,19.9,1
7/12/2016,"28""Wave 1 Piece Jenny Collexion",1060,1
7/12/2016,"26""Linda Straight Collexion",760,4
7/12/2016,Curl Activator,76,2
7/12/2016,BHE Yaki Braid #1,29.9,2
7/12/2016,Hair Bolla Black PO2 Small,5,1
7/12/2016,Alice Band Spiral,10,1
8/12/2016,GO-TV Decoder & Antenna,299.99,1
8/12/2016,Darling Kayla Curl #1,157.2,2
8/12/2016,Black Copy,22,11
8/12/2016,Darling Lolita #1,78.6,1
8/12/2016,"26""Linda Straight Collexion",760,4
8/12/2016,Curl Activator,38,1
8/12/2016,"10""Wave FH Aisha",1500,1
9/12/2016,Black Copy,2,1
9/12/2016,GO-TV Decoder&Antenna,299.99,1
12/12/2016,Training Hair Short Neck,350,1
12/12/2016,Darling Boy Cut #1,78.6,1
12/12/2016,"22""Wave FH Aisha Collexion",2500,1
12/12/2016,"26""Linda Straight Collexion",190,1
12/12/2016,Curl Activator,38,1
13/12/2016,SS Shine Serum 100ml,55.99,1
13/12/2016,Darling Kayla Curl 1/39,157.2,2
13/12/2016,Darling Kayla Curl 1/30,78.6,1
13/12/2016,Darling Boy Cut #4,78.6,1
13/12/2016,Darling Yaki Braid #27,44.85,3
13/12/2016,Clip Black Pack of 4,36,2
13/12/2016,"26""Linda Straight Collexion",190,1
14/12/2016,Black Copy,2,1
14/12/2016,Ear Protector Black,40,4
14/12/2016,Hair Detangle Green,20,2
14/12/2016,Hair Grip Shell Handle,5,2
14/12/2016,"18""Curly FH",2020,1
15/12/2016,"10""Curly Aisha Laybuy",750,1
15/12/2016,Adele Wig Joedir,445,1
15/12/2016,JS Hair Treatment 20ml,19.9,1
15/12/2016,Darling Daniella #2,78.6,1
15/12/2016,YC Fitting Insertions,45,1
15/12/2016,Black Copy,14,7
15/12/2016,Flower Various Colour,2.5,1
15/12/2016,Cotton Elastic Threat Black,8,1
15/12/2016,Elastic Thread Various Colours,10,1
15/12/2016,GO-TV Decoder & Antenna,299.99,1
16/12/2016,"20""Straight Clip On FH",885,1
16/12/2016,Amla Hair Food 100ml,45,1
16/12/2016,Silicon Multi Colour Small,7,2
16/12/2016,Black Copy,24,12
16/12/2016,MTC Starter Pack,10,1
16/12/2016,Brown Hair Comb Medium,10,1
16/12/2016,Brown Hair Comb Large,15,1
16/12/2016,"26""Linda Collexion",190,1
16/12/2016,SS Styling Gel 250ml,36.99,1
16/12/2016,BHE Yaki Braid #1,44.85,3
17/12/2016,"26""Linda Straight",570,3
17/12/2016,Curl Activator,38,1
17/12/2016,A Lip Stick Various Colours,10,1
19/12/2016,"10""Wave FH",1500,1
19/12/2016,SS Shine Serum 100ml,55.99,1
19/12/2016,Flexi Rod Medium,35,1
19/12/2016,GO-TV Decoder & Antenna,299.99,1
19/12/2016,Darling Kayla Curl #1,78.6,1
19/12/2016,Darling Kayla Curl #1/39,78.6,1
19/12/2016,Black Copy,2,1
19/12/2016,Curl Activator,38,1
20/12/2016,Darling Poiny Tail #1,38.6,1
20/12/2016,GO-TV Decoder & Antenna,299.99,1
20/12/2016,"14"" Wave Clip On Hair Piece",425,1
20/12/2016,JS Hair Treatment 20ml,39.8,2
20/12/2016,A Lip Stick Various Colour,10,1
20/12/2016,JS Beeswax 125ml,44.99,1
20/12/2016,High Rise Potent Pills,42,1
20/12/2016,Curl Activator,38,1
21/12/2016,Hair Detangler Pink,10,1
21/12/2016,"26""Linda Straight",190,1
21/12/2016,Black Copy,4,2
21/12/2016,GO-TV Decoder & Antenna,299.99,1
21/12/2016,YC Virginity Soap with Pink Rose,45,1
21/12/2016,Darling Mini Ondule 1/35,78.6,1
21/12/2016,MTC Starter Pack,10,1
21/12/2016,BHE Ombre Braid Brown,47.85,3
21/12/2016,JS Hair Treatment 20ml,19.9,1
21/12/2016,SS Oil Moisture Spray 250ml,43.99,1
21/12/2016,Clip Blond Pack of 4,90,5
21/12/2016,Peanuts & Raisins,13,2
21/12/2016,"28""Wave 1 Piece",1060,1
21/12/2016,Darling Boy Cut #1,78.6,1
22/12/2016,Curl Activator,38,1
22/12/2016,Keratin Shampoo,50,1
22/12/2016,"16""Curly FH",1950,1
23/12/2016,Hair Bond,80,1
23/12/2016,Darling Boy Cut 4/27,78.6,1
23/12/2016,"10""Curly Laybuy partial payment",200,1
09/01/2017,Keratin Glue Sticks Black Long,120,1
09/01/2017,Black Copy,26,13
09/01/2017,SS Cr√®me Relaxer Coarse,44.99,1
09/01/2017,Amla Hair Food 100ml,45,1
09/01/2017,Make Up Brush Set,45,1
09/01/2017,Cosmetic Bag,50,1
09/01/2017,Curl Activator,38,1
09/01/2017,Neha Herbal Hair Dye,80,2
09/01/2017,Peanuts & Raisins,13,2
09/01/2017,JS Hair Treatment 20ml,19.9,1
10/01/2017,GO-TV Decoder & Antenna,299.99,1
10/01/2017,Black Copy,34,17
10/01/2017,Flower Various Colours,2.5,1
10/01/2017,Phat Farm Jean #35,53.35,1
10/01/2017,Sean John Jeans #36,53.35,1
10/01/2017,Blue Bubble Dress,30,1
11/01/2017,BHE Yaki Braid #1,74.75,5
11/01/2017,Darling Yaki Braid #35,74.75,5
11/01/2017,Black Copy,6,3
12/01/2017,Black Copy,24,12
12/01/2017,GO-TV Decoder & Antenna,299.99,1
12/01/2017,Grey School Shirt,13.35,1
12/01/2017,Peanuts & Raisins,6.5,1
13/01/2017,Black Ladies Vest,10,1
13/01/2017,Black Copy,4,2
13/01/2017,GO-TV Decoder & Antenna,299.99,1
13/01/2017,Curl Activator,38,1
13/01/2017,White Jersey,33.35,1
14/01/2017,Queen L G Mask Skin White,35,1
14/01/2017,Curl Activator,38,1
14/01/2017,Darling Yaki Braid #35,44.85,3
16/01/2017,Amla Hair Oil,45,1
16/01/2017,Curl Activator,38,1
16/01/2017,Darling Ultra Dred #39,133.2,2
17/01/2017,Peanuts & Raisins,6.5,1
18/01/2017,Peanust & Raisins,6.5,1
18/01/2017,Black Copy,24,12
18/01/2017,GO-TV DECODER & ANTENNA,299.99,1
18/01/2017,SS Moisture Spray,43.99,1
18/01/2017,BHE Ombre Yaki Braid 4/35,127.6,8
19/01/2017,Black Copy,6,3
19/01/2017,Peanut & Raisins,6.5,1
20/01/2017,MTC Starter Pack,10,1
20/01/2017,DIY Wig Joedir Human Hair,475,1
20/01/2017,BHE Yaki Braid #1,14.95,1
21/01/2017,Wood Brush Large,98.5,1
21/01/2017,Flexi Rod Medium,280,8
21/01/2017,Ear Protector Black,30,3
21/01/2017,Ladies Apron,60,1
21/01/2017,C Shaped Needle,8,1
21/01/2017,Hair Bun Template,35,1
21/01/2017,BHE Yaki Braid #1,59.8,4
23/01/2017,Black Copy,26,13
23/01/2017,C Shaped Needle,8,1
24/01/2017,"16""Clip on Full Set 100gr",1364.5,1
24/01/2017,BHE Yaki Braid #1,29.9,2
24/01/2017,Black Copy,10,5
25/01/2017,Ear Protector,10.8,1
25/01/2017,4BGT1,3.35,1
25/01/2017,Black Copy,2,1
26/01/2017,DY Single Plaite Long #4,9.95,1
26/01/2017,DY Single Plaite Long #1/27/350,9.95,1
26/01/2017,Darling Boy Cut 4/27,78.6,1
26/01/2017,Black Copy,16,8
26/01/2017,Alice Band Silver Heart,10,1
26/01/2017,Tube Eyeliner,15,1
26/01/2017,Curl Activator,45,1
26/01/2017,JS Hair Treatment 20ml,19.9,1
26/01/2017,"26""Straight Linda  Human Hair",190,1
26/01/2017,BHE Ombre Braid Brown,15.95,1
26/01/2017,Oshinge Yaki Braid #1,26.9,2
27/01/2017,Amla Hair Food 100ml,90,2
27/01/2017,Clip Brown Pack of 4,90,5
27/01/2017,High Rise One Shot,43,1
27/01/2017,Black Copy,12,6
27/01/2017,Darling Yaki Braid #27,14.95,1
27/01/2017,MTC Starter Pack,10,1
27/01/2017,"10""Curly FH Layby Final Payment",550,1
28/01/2017,Oshinge Yaki Braid #1,26.9,2
28/01/2017,High Rise Potent Pills,42,1
30/01/2017,Darling Sherry #2,78.6,1
30/01/2017,Black Copy,6,3
30/01/2017,Oshinge Yaki Braid #1,80.7,6
30/01/2017,Make Up Brush Set,45,1
30/01/2017,SS Oil Moisture Spray 250ml,43.99,1
30/01/2017,MTC Starter Pack,10,1
30/01/2017,Darling Pony Tail #1,38.6,1
30/01/2017,Argussy Virginity Liquid,65,1
30/01/2017,Hair Detangler,11.5,1
30/01/2017,Peanuts & Raisins,6.5,1
31/01/2017,"24""Clip On Full Set",1640,1
31/01/2017,Apricot Ladies Blouse,40,1
31/01/2017,Blue Men's Trouser,26.7,1
31/01/2017,Amla Hair Oil 350ml,85,1
31/01/2017,"14""curly FH",1950,1
31/01/2017,Curl Activator,45,1
31/01/2017,Amla Hair Food 100ml,45,1
31/01/2017,Black Copy Single,6,3
01/02/2017,BHE Ombre Braid 4,63.8,4
01/02/2017,GO-TV Decoder & Antenna,299.99,1
01/02/2017,Black Copy,10,5
01/02/2017,Darling Yaki Braid #35,29.9,2
02/02/2017,Boys Shoes Blue,23.35,1
02/02/2017,BHE Ombre Braid Brown,15.95,1
02/02/2017,Black Copy,24,12
02/02/2017,Havaianas Navy Blue Broad,173.35,1
02/02/2017,Peanuts & Raisins,6.5,1
02/02/2017,MTC Starter Pack,10,1
02/02/2017,SS Styling Gel 250ml,36.99,1
03/02/2017,Peanust & Raisins,6.5,1
03/02/2017,Hair Grip Bear V Colour,12,4
04/02/2017,Darling Yaki Briad #27,29.9,2
04/02/2017,Oshinge Yaki Braid #1,40.35,3
04/02/2017,Black Hair Comb,5,1
04/02/2017,Wig Stand Plastic,94.5,1
04/02/2017,Hair Straightner Iron,160,1
04/02/2017,JS Hair Treatment 20ml,19.9,1
05/02/2017,Flexi Rod Large,39.95,1
05/02/2017,Hair Net,40,1
05/02/2017,"6""SW Joedire Human Hair",359,1
05/02/2017,Curl Activator,45,1
06/02/2017,Amla Hair Oil 100 ml,45,1
06/02/2017,MTC Starter Pack,10,1
06/02/2017,Black Copy,4,2
06/02/2017,Flexi Rod Large,39.95,1
06/02/2017,Grey Ladies Jean,40,1
06/02/2017,BHE Ombre Braid Brown,15.95,1
06/02/2017,GO-TV Decoder & Antenna,299.99,1
07/02/2017,Black Copy,10,5
07/02/2017,High Rise Potent Pills,45,1
07/02/2017,YC Virginity Soap with Pink Rose,45,1
07/02/2017,YC Fitting Insertions,45,1
08/02/2017,Black Copy,2,1
08/02/2017,GO-TV Decoder & Antenna,299.99,1
09/02/2017,Black Copy,16,8
09/02/2017,YC Fitting Insertions,45,1
10/02/2017,Black Copy,26,13
10/02/2017,Darling Daniella #1,78.6,1
11/02/2017,DIY Wig,475,1
11/02/2017,GO-TV Decoder & Antenna,299.99,1
11/02/2017,Amla Hair Oil 100ml,45,1
11/02/2017,Wig Stand Plastic,94.5,1
12/02/2017,JS Hair Treatment 20ml Pack,79.6,1
13/02/2017,High Rise Potent Pills,42,1
14/02/2017,Darling Yaki Braid #27,14.95,1
15/02/2017,Peanuts & Raisins,6.5,1
15/02/2017,WS BHE Ombre 4/35,84.6,6
15/02/2017,WS BHE Ombre 4/27,84.6,6
15/02/2017,WS BHE Ombre Rusty,42.3,3
15/02/2017,Darling Yaki #35 15 Piece,211.5,15
16/02/2017,BHE Ombre Yaki Braid #4/27,47.85,3
16/02/2017,Amla Hair Oil 100ml,32,1
16/02/2017,MTC Starter Pack,10,1
16/02/2017,Darling Sherry 1/39,78.6,1
16/02/2017,Darling Yaki #35,29.9,2
16/02/2017,Peanuts & Raisins,6.5,1
16/02/2017,Darling Daniella #4/27,78.6,1
17/02/2017,Darling Yaki #27,44.85,3
17/02/2017,Black Copy,18,9
17/02/2017,RKJ3599 Joedir Wig,669,1
17/02/2017,BHE Pony Tail Medium 4/35,127.6,4
17/02/2017,SS Oil Moisture Spray 250ml,43.99,1
18/02/2017,Black Copy,2,1
19/02/2017,"8""Wave FH",1500,1
19/02/2017,Amla Hair Oil,32,1
19/02/2017,Clip Pack of 4,72,4
20/02/2017,Darling Yaki Braid #35,44.85,3
20/02/2017,Black Copy,2,1
21/02/2017,GO-TV Decoder & Antenna,299.99,1
21/02/2017,"20""Synthetic Hair Clip Piece",160,2
21/02/2017,Darling Boy Cut #1,78.6,1
22/02/2017,Black Copy,4,2
22/02/2017,Flexi Rod Medium,105,3
22/02/2017,"8""Joedire FH",1131,3
22/02/2017,"6""Joedire FH",927,3
22/02/2017,Darling Yaki #27 of 15 Pieces,211.5,1
22/02/2017,Darling Yaki #35 of 15 Pieces,211.5,1
22/02/2017,Darling Sherry #1/27,78.6,1
22/02/2017,Darling Sherry #1/39,78.6,1
22/02/2017,Darling Boy Cut #4,78.6,1
22/02/2017,Darling Daniella 4/27,157.2,2
22/02/2017,BHE Yaki Pony Tail Medium #1,95.7,3
22/02/2017,BHE Yaki Pony Tail Medium #4/35,95.7,3
22/02/2017,Oshinge Pony Tail Long #35,116.7,3
22/02/2017,Oshinge Pony Tail Long #1,116.7,3
23/02/2017,SS Cr√®me Relaxer,44.99,1
23/02/2017,Black Copy,4,2
23/02/2017,Darling Lolita #1,78.6,1
23/02/2017,BHE Hair Piece #1,45.9,2
24/02/2017,Black Copy,8,4
24/02/2017,Darling Yaki Braid #35,14.95,1
24/02/2017,Keratin Glue Sticks Long Black,120,1
24/02/2017,Darling Daniella 4/27,0,1
24/02/2017,GO-TV Decoder,299.99,1
24/02/2017,Cosmetic Bag,33.35,1
25/02/2017,Darling Vibrations #4,157.2,2
25/02/2017,Oshinge Pony Tail Medium #1,104.7,3
25/02/2017,Oshinge Pony Tail Long #35,116.7,3
25/02/2017,Amla Hair Oil,32,1
25/02/2017,GO-TV Decoder & Antenna,299.99,1
25/02/2017,JS Hair Treatment,19.9,1
25/02/2017,Curl Activator,45,1
25/02/2017,JS Hair Treatment,59.7,3
25/02/2017,Hair Detangler,11.5,1
26/02/2017,Velcro Curler Orange,150,2
27/02/2017,Hair Grip Small,3,1
27/02/2017,Cotton Elastic,10.8,1
27/02/2017,JS Hair Treatment,19.9,1
27/02/2017,Black Copy,2,1
27/02/2017,High Rise Potent Pills,42,1